AIRLINE_CODE,FLIGHT_NUMBER,TAIL_NUMBER,ORIGIN_AIRPORT,DESTINATION_AIRPORT,AIR_TIME,DISTANCE,CANCELLED
AS,98,N407AS,ANC,SEA,169,1448,0
AA,2336,N3KUAA,LAX,PBI,263,2330,0
US,840,N171US,SFO,CLT,266,2296,0
AA,258,N3HYAA,LAX,MIA,258,2342,0
AS,135,N527AS,SEA,ANC,199,1448,0
DL,806,N3730B,SFO,MSP,206,1589,0
NK,612,N635NK,LAS,MSP,154,1299,0
US,2013,N584UW,LAX,CLT,228,2125,0
AA,1112,N3LAAA,SFO,DFW,173,1464,0
DL,1173,N826DN,LAS,ATL,186,1747,0
DL,2336,N958DN,DEN,ATL,133,1199,0
AA,1674,N853AA,LAS,MIA,238,2174,0
DL,1434,N547US,LAX,MSP,188,1535,0
DL,2324,N3751B,SLC,ATL,176,1590,0
DL,2440,N651DL,SEA,MSP,166,1399,0
AS,108,N309AS,ANC,SEA,173,1448,0
DL,1560,N3743H,ANC,SEA,171,1448,0
UA,1197,N78448,SFO,IAH,199,1635,0
AS,122,N413AS,ANC,PDX,187,1542,0
DL,1670,N806DN,PDX,MSP,171,1426,0
NK,520,N525NK,LAS,MCI,128,1139,0
AA,371,N3GXAA,SEA,MIA,311,2724,0
NK,214,N632NK,LAS,DFW,128,1055,0
AA,,N3CTAA,LAX,MIA,255,2342,0
DL,,N671DN,LAS,MSP,150,1299,0
UA,,N76517,LAX,IAH,,1379,0
AS,,N457AS,FAI,SEA,,1533,0
NK,597,N528NK,MSP,FLL,,1487,0
US,413,N571UW,LAS,CLT,,1916,0
AA,2392,N3HRAA,DEN,MIA,188,1709,0
NK,168,N629NK,PHX,ORD,156,1440,0
AA,2211,N3CGAA,PHX,MIA,217,1972,0
AS,136,N431AS,ANC,SEA,,1448,1
DL,95,N320US,SLC,ATL,182,1590,0
NK,298,N514NK,LAS,IAH,148,1222,0
HA,17,N389HA,LAS,HNL,361,2762,0
US,617,N804AW,ANC,PHX,298,2552,0
UA,1528,N76519,SJU,,220,1608,0
AS,134,N464AS,ANC,,170,1448,0
B6,304,N607JB,SJU,,231,1598,0
NK,451,N633NK,PBG,,174,1334,0
NK,972,N606NK,PHX,,103,868,0
AA,2459,N3BDAA,PHX,,,868,1
AS,144,N514AS,ANC,,182,1542,0
NK,647,N630NK,IAG,,149,1176,0
B6,1990,N597JB,SJU,EWR,239,1608,0
US,699,N172US,PHX,CLT,183,1773,0
AS,114,N303AS,ANC,SEA,176,1448,0
B6,668,N653JB,PSE,MCO,169,1179,0
UA,1162,N37293,BQN,EWR,225,1585,0
B6,1030,N239JB,BQN,MCO,160,1129,0
B6,262,N627JB,SJU,BOS,224,1674,0
B6,2134,N307JB,SJU,MCO,163,1189,0
B6,730,N621JB,BQN,MCO,148,1129,0
B6,768,N317JB,PSE,MCO,166,1179,0
B6,2276,N646JB,SJU,BDL,237,1666,0
US,602,N197UW,ORD,PHX,214,1440,0
AS,695,N607AS,GEG,SEA,39,224,0
HA,102,N492HA,HNL,ITO,35,216,0
OO,5467,N701BR,,SFO,61,363,0
HA,108,N476HA,,KOA,30,163,0
AS,730,N423AS,,SEA,179,1448,0
HA,206,,,OGG,20,100,0
UA,1500,,,IAH,147,925,0
AA,1323,,,MIA,38,192,0
NK,103,,,MYR,112,738,0
OO,7404,,,MSP,35,174,0
OO,7419,,,MSP,41,257,0
OO,5254,,,IAH,,429,1
US,480,,SEA,PHX,146,1107,0
AA,1057,,DFW,MIA,133,1121,0
AA,2454,,BOS,MIA,182,1258,0
EV,4354,N12142,MKE,IAH,163,984,0
US,425,N174US,PDX,PHX,132,1009,0
AA,89,N3KVAA,IAH,MIA,111,964,0
DL,2099,N355NW,BNA,DTW,66,456,0
EV,4685,N26545,BRO,IAH,49,308,0
EV,5583,N882AS,VPS,ATL,42,250,0
OO,5484,N824AS,BOI,SFO,79,522,0
OO,7370,N432SW,BJI,MSP,34,199,0
HA,103,N477HA,HNL,LIH,21,102,0
EV,5187,N720EV,BNA,ATL,35,214,0
MQ,2859,N660MQ,SGF,DFW,,364,1
UA,1201,N79521,PHL,IAH,210,1325,0
UA,1221,N37281,PDX,DEN,125,991,0
UA,1607,N36476,SEA,DEN,138,1024,0
AA,328,N4XKAA,DEN,DFW,96,641,0
EV,5764,N832AS,SBN,ORD,22,84,0
F9,1279,N918FR,PHL,MCO,128,861,0
NK,409,N509NK,ORD,FLL,149,1182,0
OO,5460,N583SW,RDD,SFO,,199,1
OO,6391,N593ML,EUG,DEN,143,996,0
UA,1532,N77066,SFO,DEN,127,967,0
UA,1167,N66837,ORD,DEN,142,888,0
UA,1012,N17245,IAD,IAH,194,1190,0
B6,2001,N358JB,BUF,JFK,56,301,0
B6,2807,N190JB,PWM,JFK,50,273,0
B6,2023,N324JB,JFK,SJU,184,1598,0
EV,4557,N12967,CRP,IAH,33,201,0
EV,5241,N849AS,PIA,DTW,54,346,0
EV,5498,N132EV,ORD,DTW,41,235,0
OO,6512,N925SW,FAT,LAX,42,209,0
UA,1577,N69813,SMF,DEN,129,909,0
OO,4986,N719SK,AUS,LAX,173,1242,0
B6,727,N292JB,BOS,BWI,66,369,0
B6,1012,N375JB,ORD,BOS,95,867,0
DL,824,N3736C,PHX,DTW,178,1671,0
DL,941,N910DN,MCI,ATL,84,692,0
DL,2079,N389DA,BOS,DTW,105,632,0
EV,3268,N14998,ATL,IAD,79,534,0
EV,4160,N11150,JAX,EWR,109,820,0
OO,6285,N962SW,MFR,DEN,138,964,0
OO,5184,N776SK,SLC,IAH,158,1195,0
OO,6358,N926SW,IDA,DEN,72,458,0
F9,161,N905FR,MSN,DEN,128,826,0
OO,4833,N554CA,MKE,DTW,36,237,0
UA,1119,N69810,GEG,DEN,107,836,0
UA,1237,N65832,,IAH,238,1874,0
UA,1540,N78509,,IAH,182,1208,0
AA,1433,N4YNAA,,DFW,41,247,0
AA,2299,N3LLAA,,MIA,152,1089,0
B6,721,N623JB,,PBI,170,1197,0
B6,917,N606JB,,JFK,44,187,0
B6,939,N794JB,,BQN,,1576,0
DL,1890,N377DA,,ATL,,731,0
EV,4646,N29917,,EWR,,628,0
F9,365,N218FR,,DEN,,896,0
F9,117,N933FR,,DEN,,680,0
MQ,2926,N932MQ,,DFW,,987,1
OO,2599,N435SW,,LAX,,862,0
OO,5482,N934SW,SBA,DEN,,916,0
OO,6457,N560SW,SMX,LAX,,134,1
HA,218,N485HA,HNL,KOA,27,163,0
B6,515,N337JB,BOS,BUF,78,395,0
UA,228,N439UA,PDX,EWR,263,2434,0
US,641,N650AW,IND,PHX,234,1488,0
UA,495,N548UA,LAX,DEN,118,862,0
UA,507,N808UA,CLE,IAH,170,1091,0
UA,1553,N37290,BOS,EWR,46,200,0
US,403,N660AW,DEN,PHX,91,602,0
US,446,N651AW,MCI,PHX,159,1044,0
AA,1178,N573AA,AUS,DFW,36,190,0
AA,2410,N3BAAA,LAX,DFW,150,1235,0
DL,2453,N966DL,GSP,ATL,28,153,0
B6,2228,N231JB,MCO,EWR,127,937,0
EV,4555,N13133,MCI,IAH,110,643,0
EV,5698,N835AS,BDL,IAD,58,326,0
MQ,3534,N925MQ,ABI,DFW,,158,1
EV,4339,N14179,RIC,IAH,195,1157,0
OO,6204,,BFL,DEN,125,845,0
OO,6261,,SAT,SFO,198,1482,0
OO,5160,,OMA,IAH,120,781,0
OO,6224,,RDM,DEN,130,898,0
B6,860,,FLL,BDL,162,1173,0
EV,5230,,CID,ATL,84,694,0
WN,526,,SFO,DEN,132,967,0
UA,1222,,MCO,LAX,310,2218,0
UA,1507,,TPA,EWR,131,997,0
AA,1094,,SEA,DFW,216,1660,0
AA,1233,N3HXAA,BOS,DFW,243,1562,0
B6,115,N284JB,SYR,JFK,43,209,0
B6,185,N334JB,ROC,JFK,48,264,0
EV,2519,N905EV,TYR,DFW,25,102,0
EV,,N11140,MCI,ORD,58,403,0
EV,,N16561,LAN,ORD,39,179,0
EV,,N27200,BUF,EWR,48,282,0
MQ,,N5PBMQ,XNA,DFW,,280,1
EV,,N12563,GSO,EWR,65,445,0
NK,,N607NK,ORD,LGA,92,733,0
UA,,N76529,LAX,IAH,160,1379,0
AA,,N3FKAA,EWR,MIA,149,1085,0
OO,,N910SW,ONT,DEN,123,819,0
UA,,N830UA,MSP,DEN,100,680,0
UA,,N454UA,PBI,IAH,146,956,0
UA,,N462UA,PHX,IAH,118,1009,0
UA,,N464UA,RSW,IAH,133,861,0
UA,,N498UA,EWR,MCO,135,937,0
UA,,N415UA,OMA,ORD,57,416,0
US,,N544UW,SMF,PHX,90,647,0
US,,N654AW,OAK,PHX,88,646,0
US,,N708UW,PVD,CLT,114,683,0
UA,,N847UA,RNO,,120,804,0
UA,,N831UA,PIT,,175,1117,0
UA,,N68807,DEN,,114,862,0
WN,,N486WN,BOS,,63,369,0
WN,,N293WN,LAS,,230,2106,0
WN,,N249WN,ABQ,,103,759,0
WN,,N630WN,PHX,,76,507,0
WN,,N910WN,PIT,FLL,132,994,0
WN,,N8641B,PVD,BWI,63,327,0
WN,,N768SW,SFO,ATL,253,2139,0
UA,,N73445,SFO,ORD,222,1846,0
UA,,N24224,MCO,EWR,126,937,0
UA,,N68822,PDX,IAH,224,1825,0
,,N38451,BOS,ORD,146,867,0
,,N87531,SFO,LAX,52,337,0
,1296,N37471,SAT,LAX,170,1211,0
,1431,N36207,BOS,LAX,376,2611,0
UA,1637,N33294,SEA,EWR,268,2402,0
UA,1735,N66814,LAX,ORD,201,1744,0
US,410,N765US,IAH,PHX,155,1009,0
US,459,N536UW,MCO,PHX,273,1849,0
US,610,N560UW,SFO,PHX,87,651,0
AA,72,N5EKAA,DFW,MCO,120,985,0
AA,196,N3FBAA,MIA,PHL,148,1013,0
AA,304,N4XHAA,SLC,DFW,137,989,0
AA,175,N3EWAA,DCA,DFW,,1192,1
AA,281,N3FXAA,MIA,DFW,166,1121,0
AA,233,N3BEAA,BWI,MIA,124,946,0
AA,1100,N3GWAA,DFW,LGA,154,1389,0
AA,1103,N3HCAA,LGA,DFW,,1389,1
AA,1028,N3BFAA,DEN,ORD,106,888,0
AA,1039,N541AA,MCI,DFW,80,460,0
AA,1055,N573AA,MCO,DFW,,985,1
AA,1180,N3AYAA,SFO,DFW,,1464,1
AA,1345,N439AA,TUL,DFW,48,237,0
AA,1297,N3JYAA,LGA,MIA,151,1096,0
AA,1411,N585AA,LIT,DFW,56,304,0
AA,1084,N3GFAA,MIA,LGA,149,1096,0
AA,1088,N201AA,LAS,DFW,128,1055,0
AA,1534,N4YPAA,PDX,DFW,206,1616,0
AA,1573,N467AA,TPA,DFW,139,929,0
AA,1660,N567AA,SMF,DFW,190,1431,0
AA,2204,N3GKAA,MSY,MIA,82,675,0
AA,1515,N3HMAA,LAX,ORD,202,1744,0
AA,2307,N505AA,OMA,DFW,91,583,0
AA,2363,N560AA,OKC,DFW,39,175,0
AS,81,N577AS,SEA,ANC,195,1448,0
AS,162,N792AS,FAI,ANC,44,261,0
AS,200,N767AS,SEA,SJC,99,697,0
AS,342,N440AS,,OAK,92,671,0
AS,406,N589AS,,SJC,82,569,0
AS,477,N453AS,,SEA,141,954,0
AS,631,N512AS,,SEA,151,1107,0
AS,683,N618AS,,SEA,137,1024,0
AS,699,N532AS,,SEA,42,224,0
B6,130,N510JB,,JFK,141,1074,0
B6,154,N536JB,,JFK,141,1028,0
B6,353,N570JB,,PBI,142,1028,0
B6,226,N648JB,,JFK,130,1005,0
B6,272,N556JB,,LGA,143,1076,0
B6,447,N527JB,OAK,LGB,60,353,0
B6,371,N708JB,LGA,FLL,150,1076,0
B6,583,N531JB,JFK,MCO,135,944,0
B6,605,N766JB,EWR,FLL,145,1065,0
B6,525,N645JB,JFK,TPA,157,1005,0
B6,746,N587JB,PSE,JFK,225,1617,0
B6,776,N236JB,MSY,JFK,140,1182,0
B6,794,N519JB,AUS,JFK,175,1521,0
B6,838,N715JB,BQN,JFK,225,1576,0
B6,892,N598JB,TPA,BOS,151,1185,0
B6,1678,N618JB,JAX,JFK,109,828,0
B6,1790,N203JB,DCA,BOS,62,399,0
DL,421,N967DL,JFK,ATL,117,760,0
DL,731,N323NB,LGA,DTW,97,502,0
DL,743,N341NW,RNO,SLC,68,422,0
DL,750,N995AT,BOS,JFK,44,187,0
DL,809,N931DN,BOS,MSP,186,1124,0
DL,904,N3748Y,LGA,ATL,111,762,0
DL,977,N988DL,ORD,ATL,80,606,0
,1088,N682DA,ANC,MSP,266,2519,0
,1098,N966AT,ATW,ATL,97,765,0
,1205,N612DL,PHX,ATL,169,1587,0
,1234,N912DE,PNS,ATL,41,271,0
,1235,N358NW,MCO,SLC,280,1931,0
,1462,N547AA,ONT,DFW,,1188,1
,913,N3JVAA,DCA,MIA,130,919,0
,1961,N947DN,RIC,ATL,75,481,0
,2154,N813DN,LAX,ATL,213,1947,0
,2282,N974DL,BOS,ATL,144,946,0
,2417,N554NW,LAS,DTW,,1749,0
DL,1540,N903DE,OKC,ATL,,761,0
DL,1574,N532US,MCO,MSP,,1310,0
DL,1700,N952DL,MEM,ATL,,332,0
DL,1867,N934AT,TUL,ATL,,674,0
DL,1937,N905DA,BWI,DTW,,409,0
B6,159,N193JB,BOS,PHL,,280,0
B6,198,N523JB,MCO,LGA,,950,0
B6,1502,,FLL,JFK,,1069,0
B6,1504,,SJU,JFK,248,1598,0
B6,1600,,BOS,DCA,72,399,0
EV,2533,,TYS,DFW,128,772,0
EV,4213,,MHT,ORD,153,843,0
EV,4431,,SAV,EWR,98,708,0
EV,4411,,MEM,EWR,120,946,0
EV,4756,,CLT,,109,599,0
EV,4768,N16987,TYS,,58,419,0
EV,4740,N11107,GRB,,34,173,0
EV,5103,N846AS,ABE,,84,425,0
EV,5275,N861AS,JAN,,51,341,0
EV,5491,N838AS,OAJ,,69,399,0
EV,5978,N21129,FAR,,78,557,0
EV,5917,N13997,JAN,,99,677,0
EV,6133,N12996,ERI,,79,398,0
EV,6082,N12122,ATW,,37,160,0
EV,6122,N16559,LEX,ORD,65,323,0
EV,6143,N12921,CWA,ORD,47,212,0
F9,865,,MSO,DEN,,679,1
F9,1256,,ORD,MIA,,1197,1
F9,1104,N211FR,CLE,FLL,142,1062,0
F9,1057,N919FR,IAH,SFO,237,1635,0
F9,144,N924FR,SEA,DEN,131,1024,0
F9,1056,N929FR,SFO,IAH,209,1635,0
F9,901,N939FR,TTN,ATL,109,701,0
F9,902,N949FR,ATL,TTN,98,701,0
HA,202,N491HA,HNL,ITO,36,216,0
MQ,2898,N514MQ,MAF,DFW,,309,1
MQ,2957,N504MQ,AMA,DFW,,312,1
MQ,2962,N609MQ,CLL,DFW,,164,1
MQ,3014,N908MQ,HOU,DFW,,247,1
MQ,3015,N825MQ,DFW,BTR,,383,1
MQ,3079,N646MQ,JLN,DFW,,327,1
MQ,3189,N532MQ,CID,DFW,,685,1
MQ,3302,N649MQ,MLI,DFW,,691,1
MQ,3338,N925MQ,GSP,DFW,,862,1
,3350,N830MQ,RDU,JFK,64,427,0
,3355,N618MQ,CVG,MIA,123,948,0
,3251,N615MQ,MHK,DFW,,431,1
,3377,N631MQ,MOB,DFW,,539,1
,3441,N698MQ,TLH,DFW,,767,1
MQ,3540,N602MQ,PNS,MIA,73,530,0
MQ,3488,N620MQ,BHM,MIA,87,661,0
MQ,3597,N612MQ,CVG,DFW,,812,1
MQ,3611,N902MQ,CAE,DFW,,922,1
MQ,3678,N625MQ,TXK,DFW,,181,1
NK,188,N505NK,OAK,LAS,68,407,0
NK,925,N634NK,DFW,OAK,188,1457,0
NK,943,N605NK,ACY,RSW,141,982,0
NK,316,N601NK,DTW,LGA,67,502,0
NK,972,N606NK,DFW,FLL,131,1119,0
OO,2622,N492SW,SMF,LAX,61,373,0
OO,6360,N952SW,RAP,DEN,49,300,0
OO,6369,N763SK,TUS,SFO,108,751,0
OO,5330,N652BR,EAU,ORD,43,268,0
OO,5292,N971SW,DLH,ORD,58,397,0
OO,6276,N715SK,FSD,ORD,67,462,0
OO,6235,N114SY,AUS,SFO,213,1504,0
OO,3489,N227AG,FAT,SEA,110,748,0
OO,3461,N223AG,ONT,PDX,119,838,0
OO,7423,N427SW,INL,BRD,30,153,0
OO,5318,N946SW,CMX,ORD,,359,1
OO,5445,N579SW,SMF,SFO,,86,1
OO,5242,N744SK,BOI,LAX,89,674,0
OO,5462,N929EV,SPI,ORD,39,174,0
OO,5466,N568SW,CLD,LAX,24,86,0
OO,5550,N594SW,COD,DEN,58,391,0
OO,5574,N563SW,FAT,SFO,37,158,0
MQ,3221,N682MQ,CMH,MIA,137,990,0
,3224,N631MQ,LRD,DFW,,396,1
,5522,N796SK,PSC,DEN,115,852,0
,5592,N494CA,CPR,DEN,39,230,0
,5604,N292SW,ACV,SFO,69,250,0
,5170,N791SK,DAL,IAH,41,216,0
,5429,N958SW,PAH,ORD,66,342,0
,5435,N976SW,PSC,SFO,89,620,0
,6378,N767SK,CID,ORD,43,196,0
OO,6401,N740SK,EUG,SFO,69,451,0
OO,6332,N708SK,DFW,DEN,100,641,0
OO,6346,N291SW,MRY,SFO,21,77,0
OO,6465,N495CA,SLC,LAX,85,590,0
OO,7392,N438SW,ESC,DTW,47,306,0
OO,6403,N983SW,MFR,SFO,55,329,0
OO,6497,N913SW,FAT,DEN,132,844,0
UA,576,N817UA,SFO,EWR,292,2565,0
UA,1410,N76523,LAS,IAH,149,1222,0
UA,1689,N39461,EWR,SFO,355,2565,0
EV,6020,N11121,ISN,DEN,83,576,0
HA,113,N486HA,HNL,LIH,23,102,0
OO,5629,N726SK,PSP,SFO,65,421,0
OO,6420,N924SW,PSP,DEN,107,776,0
UA,223,N816UA,SAT,IAH,31,191,0
UA,996,N406UA,LAX,EWR,263,2454,0
UA,1721,N75425,LAX,SFO,54,337,0
EV,4390,N15986,CLE,IAD,44,288,0
EV,5732,N833AS,CAE,IAD,62,401,0
F9,756,N948FR,PHX,DEN,79,602,0
UA,234,N838UA,SMF,IAH,193,1609,0
UA,415,N509UA,JFK,SFO,368,2586,0
US,647,N664AW,BOS,PHX,355,2300,0
US,829,N723UW,BOS,CLT,120,728,0
US,1743,N839AW,DTW,MIA,147,1145,0
UA,1023,N73276,FLL,EWR,150,1065,0
WN,2505,N467WN,GEG,DEN,111,836,0
WN,239,N653SW,SAT,STL,91,786,0
WN,474,N614SW,ONT,DEN,116,819,0
UA,1245,N39726,CLE,EWR,55,404,0
US,560,N663AW,DFW,PHX,140,868,0
AA,310,N201AA,MFE,DFW,,469,1
AA,375,N4WLAA,STL,DFW,90,550,0
AA,378,N3BGAA,SJU,MIA,147,1045,0
AA,1291,N4XYAA,MKE,DFW,138,853,0
AS,320,N622AS,SEA,SFO,97,679,0
AS,602,N407AS,SEA,LAS,115,867,0
B6,233,N247JB,BTV,JFK,50,266,0
B6,601,N559JB,JFK,FLL,148,1069,0
B6,735,N821JB,SFO,LGB,59,354,0
B6,922,N809JB,PBI,BOS,163,1197,0
B6,1184,N641JB,MCO,JFK,129,944,0
B6,1434,N503JB,SJU,MCO,165,1189,0
DL,1065,N975DL,BDL,ATL,130,859,0
DL,1456,N3759,RDU,ATL,57,356,0
DL,1723,N336NB,SFO,SLC,88,599,0
EV,4642,N14143,TUS,IAH,117,936,0
EV,4928,N933EV,PIA,ATL,83,565,0
F9,609,N223FR,IND,DEN,150,977,0
F9,821,N920FR,MCI,DEN,93,533,0
F9,133,N951FR,DFW,DEN,91,641,0
MQ,2881,N907MQ,FSM,DFW,,227,1
MQ,2771,N667MQ,,DFW,,285,1
MQ,3288,N838MQ,,DFW,,113,1
MQ,3328,N640MQ,,DFW,,89,1
MQ,3408,N625MQ,,DFW,,229,1
MQ,3643,N923MQ,,DFW,,408,1
HA,286,N480HA,,OGG,22,100,0
OO,5181,N788SK,,LAX,165,1187,0
OO,6499,N945SW,,DEN,87,627,0
UA,1160,N76522,,IAH,199,1635,0
UA,1601,N37466,,FLL,143,1065,0
OO,6461,N959SW,,DEN,39,196,0
NK,606,N623NK,,DTW,155,1084,0
OO,7389,N561SW,,RKS,57,261,0
UA,220,N813UA,,EWR,140,1167,0
UA,654,N422UA,,MCO,127,1005,0
EV,6119,N16951,,ORD,123,642,0
OO,5456,N920SW,,SFO,68,462,0
HA,205,N484HA,OGG,HNL,23,100,0
OO,4494,N431SW,SJC,SLC,106,584,0
OO,5370,N979SW,ORD,MBS,37,222,0
US,1709,N677AW,EWR,CLT,95,529,0
WN,828,N8303R,PHX,BWI,210,1999,0
UA,1632,N37464,SEA,IAD,252,2306,0
UA,1725,N72405,LAS,SFO,62,414,0
AA,168,N5BSAA,DFW,MIA,129,1121,0
AA,1315,N424AA,BNA,DFW,,631,1
AA,1336,N3LCAA,PHX,DFW,108,868,0
AA,1619,N3AMAA,BOS,MIA,179,1258,0
AA,1686,N4XXAA,LAX,STL,183,1592,0
AS,345,N469AS,OAK,SEA,95,671,0
AS,454,N442AS,SEA,LAX,122,954,0
B6,57,N348JB,BOS,IAD,73,413,0
B6,24,N923JB,LAX,JFK,279,2475,0
B6,1279,N355JB,DCA,FLL,126,899,0
B6,1836,N281JB,DTW,BOS,74,632,0
AA,1361,N3KYAA,BNA,LAX,255,1797,0
DL,327,N692DL,PHL,ATL,103,666,0
DL,1492,N819DN,PHX,MSP,145,1276,0
B6,1554,N760JB,SJU,FLL,147,1046,0
EV,4556,N41104,VPS,IAH,99,528,0
EV,6071,N14186,GUC,DEN,34,152,0
F9,1252,N910FR,MIA,LGA,147,1096,0
MQ,3323,N613MQ,RIC,MIA,123,825,0
MQ,3601,N530MQ,DTW,LGA,68,502,0
MQ,3551,N663MQ,ORF,MIA,128,802,0
OO,5572,N970SW,MOT,DEN,84,604,0
AA,1312,N021AA,STL,MIA,127,1068,0
B6,269,N834JB,BOS,FLL,174,1237,0
EV,4506,N12552,MLU,IAH,58,262,0
OO,5337,N961SW,MAF,DEN,,563,1
NK,562,N510NK,LAX,LAS,44,236,0
UA,416,N496UA,PDX,ORD,207,1739,0
B6,1403,N763JB,JFK,SJU,182,1598,0
HA,107,N476HA,KOA,HNL,30,163,0
OO,4681,N783CA,EUG,SLC,90,618,0
US,1754,N815AW,RNO,PHX,84,601,0
US,1789,N543UW,PHX,CLT,183,1773,0
WN,1966,N466WN,CMH,ATL,65,447,0
WN,2351,N7728D,HOU,ATL,91,696,0
WN,137,N621SW,HOU,PHX,160,1020,0
AA,1125,N3KCAA,DTW,DFW,,986,1
AA,1165,N3ACAA,BOS,JFK,44,187,0
AA,1581,N3KGAA,DFW,DCA,,1192,1
AA,2253,N437AA,MSP,DFW,128,852,0
AS,504,N627AS,SEA,SNA,129,978,0
B6,99,N274JB,BDL,DCA,67,313,0
B6,962,N709JB,SJU,BOS,244,1674,0
B6,2006,N566JB,FLL,EWR,148,1065,0
DL,828,N910AT,MOB,ATL,43,302,0
,978,N693DL,SAN,SLC,89,626,0
,985,N352NW,LAS,SLC,60,368,0
,1275,N920DN,DCA,DTW,73,405,0
,2384,N361NB,SMF,SLC,80,532,0
,1610,N385DN,DEN,,121,1123,0
,1866,N827DN,SFO,,251,2139,0
,1919,N321NB,LGA,,172,1020,0
,2522,N879AS,LAW,,30,140,0
,2512,N901EV,BRO,,68,482,0
,2572,N876AS,PIB,,15,69,0
,4531,N14204,CHS,,163,925,0
,4655,N13202,MEM,,88,468,0
,5123,N847AS,MGM,ATL,27,147,0
,582,N221FR,SLC,DEN,64,391,0
,439,N931FR,OMA,DEN,73,472,0
,2958,N657MQ,FAR,DFW,,968,1
,3432,N546MQ,DCA,JFK,41,213,0
,3613,N932MQ,MSN,DFW,,821,1
MQ,3568,N528MQ,CMH,LGA,63,479,0
OO,5348,N562SW,SBP,LAX,37,156,0
OO,5256,N789SK,COS,IAH,116,809,0
OO,4747,N810SK,OAK,SLC,95,588,0
OO,5464,N296SW,LAR,DEN,28,113,0
OO,5608,N930SW,SAN,LAX,25,109,0
OO,5636,N237SW,BFL,SFO,59,238,0
OO,6571,N886AS,DRO,PHX,57,351,0
OO,6573,N468CA,MRY,PHX,79,598,0
OO,6616,N897SK,FAT,PHX,78,493,0
NK,612,N635NK,MSP,ORD,49,334,0
NK,940,N508NK,DFW,ORD,96,802,0
OO,6368,N874AS,BIS,DEN,77,516,0
HA,101,N492HA,ITO,HNL,39,216,0
B6,762,N775JB,PBI,LGA,141,1035,0
OO,5249,N118SY,SAT,ORD,121,1041,0
UA,207,N446UA,FLL,IAH,,965,0
US,1931,N833AW,BUF,CLT,,546,0
UA,732,N824UA,SEA,ORD,,1721,0
WN,698,N422WN,CMH,FLL,,973,0
WN,799,N7736A,LAS,HOU,,1235,0
WN,687,N789SW,PVD,MCO,,1072,0
WN,823,N7707C,SAN,BWI,,2295,0
WN,603,N461WN,SAN,MDW,200,1728,0
WN,885,N276WN,SMF,PHX,89,647,0
UA,1192,N69804,SAN,DEN,110,853,0
UA,1568,N24212,SAN,EWR,253,2425,0
US,460,N640AW,SJC,PHX,85,621,0
AA,269,N557AA,SJC,DFW,,1438,1
AA,1186,N5CPAA,DFW,BOS,165,1562,0
AA,1390,N496AA,SAN,DFW,138,1171,0
AA,2420,N3ERAA,LAX,DFW,149,1235,0
AS,545,N519AS,ONT,SEA,135,956,0
AA,955,N3AAAA,RDU,MIA,96,700,0
DL,2129,N911DA,ROC,ATL,108,749,0
DL,1518,N591NW,MCO,ATL,61,404,0
DL,1588,N327NB,DCA,MSP,155,931,0
EV,4468,N14125,CAE,IAH,154,878,0
EV,5534,N695CA,BTR,ATL,59,448,0
F9,1338,N906FR,IAD,MSP,142,908,0
MQ,3205,N680MQ,SAV,DFW,,925,1
MQ,3173,N614MQ,GRI,DFW,,561,1
NK,470,N534NK,PDX,SAN,115,933,0
NK,742,N632NK,DFW,MSP,111,852,0
OO,4762,N935SW,PSP,SLC,84,541,0
OO,4716,N8903A,ISN,MSP,74,546,0
OO,5616,N961SW,,DEN,79,594,0
UA,1026,N39423,,IAH,137,854,0
B6,1481,N318JB,,RIC,88,474,0
F9,344,N932FR,,DEN,70,524,0
OO,4624,N822SK,,SLC,83,501,0
OO,6372,N742SK,,DEN,73,483,0
NK,200,N530NK,,ORD,115,925,0
UA,206,N487UA,,IAH,222,1400,0
DL,1515,N902DE,,DTW,41,201,0
US,1982,N152UW,,CLT,95,631,0
UA,525,N471UA,,EWR,150,1085,0
WN,871,N7814B,,ATL,137,1199,0
WN,343,N8649A,,PHX,224,1444,0
US,598,N561UW,LAX,PHL,258,2402,0
AA,127,N3GHAA,IAD,DFW,200,1172,0
AA,387,N4XXAA,LAX,AUS,,1242,1
AA,1079,N3KKAA,CLT,DFW,149,936,0
AA,1207,N3DPAA,PHL,DFW,206,1303,0
AA,1343,N3GLAA,DFW,CLT,107,936,0
AA,1635,N025AA,ATL,DFW,,731,1
AA,2379,N3KPAA,RDU,DFW,166,1061,0
AA,2272,N514AA,SAT,DFW,40,247,0
AS,124,N593AS,FAI,SEA,188,1533,0
B6,70,N228JB,FLL,BOS,169,1237,0
B6,966,N580JB,RSW,BOS,163,1249,0
DL,891,N924DN,MIA,ATL,84,594,0
DL,2234,N970DL,BWI,MSP,149,936,0
DL,2480,N979AT,MDT,ATL,97,620,0
B6,2180,N368JB,EWR,BOS,40,200,0
EV,5221,N921EV,SCE,DTW,60,301,0
F9,308,N935FR,GEG,DEN,108,836,0
MQ,3609,N836MQ,LEX,DFW,,785,1
MQ,3634,N606MQ,VPS,DFW,,641,1
NK,969,N516NK,BWI,ORD,116,622,0
OO,6557,N889AS,SBA,PHX,68,455,0
OO,6564,N896SK,SBP,PHX,73,509,0
EV,4418,N14153,PNS,IAH,89,489,0
OO,6230,N727SK,COS,DEN,22,73,0
EV,3272,N23139,CLE,ORD,60,315,0
HA,104,N477HA,LIH,HNL,18,102,0
OO,7396,N675BR,TWF,SLC,30,175,0
DL,1592,N723TW,SAN,ATL,202,1892,0
UA,195,N69818,BDL,ORD,137,783,0
US,649,N912UY,LAX,PHX,53,370,0
US,674,N831AW,EWR,PHX,339,2133,0
US,835,N293AY,PHL,CLT,81,449,0
UA,572,N404UA,AUS,IAH,30,140,0
UA,577,N458UA,SFO,EWR,286,2565,0
OO,5628,N507CA,RNO,SFO,41,192,0
WN,4570,N8611F,SEA,MDW,212,1733,0
WN,660,N275WN,SJU,TPA,173,1237,0
UA,1231,N17229,HNL,LAX,289,2556,0
US,401,N732US,CLT,PHL,68,449,0
US,433,N601AW,JFK,PHX,334,2153,0
US,567,N524UW,SAN,PHX,48,304,0
US,595,N519UW,ONT,PHX,48,325,0
AA,148,N3EJAA,MIA,CLT,96,650,0
AA,330,N3EWAA,PBI,ORD,171,1144,0
AA,1381,N492AA,EWR,DFW,232,1372,0
AS,157,N762AS,ANC,OTZ,78,548,0
AS,499,N551AS,SAN,SEA,145,1050,0
AS,573,N467AS,SAN,PDX,136,933,0
B6,23,N937JB,JFK,LAX,358,2475,0
B6,1099,N508JB,LGA,MCO,136,950,0
B6,929,N526JB,JFK,RSW,162,1074,0
B6,1285,N184JB,BOS,PIT,87,496,0
DL,418,N706TW,SFO,JFK,284,2586,0
DL,783,N962DN,MSP,ATL,112,907,0
DL,1984,N946DN,AUS,ATL,93,813,0
DL,2114,N397DA,COS,ATL,131,1184,0
DL,2283,N695DL,DTW,ATL,88,594,0
DL,2370,N339NB,MSY,LGA,137,1183,0
DL,1598,N669DN,SEA,ATL,245,2182,0
DL,1809,N970AT,EWR,ATL,114,746,0
DL,1872,N6705Y,TPA,ATL,61,406,0
EV,2549,N909EV,BPT,DFW,46,270,0
EV,3261,N13123,RIC,IAD,28,100,0
EV,3929,N13118,EWR,JAX,,820,0
EV,4306,N13970,GPT,,,376,0
F9,295,N202FR,TPA,,,1506,0
F9,711,N203FR,RSW,,,1607,0
F9,1246,N912FR,DEN,,,641,0
F9,1108,N947FR,CLE,,,895,0
MQ,2913,N600MQ,GPT,,,500,1
MQ,3649,N935MQ,MGM,,,622,1
OO,2604,N693BR,SAN,,25,109,0
NK,379,N503NK,ACY,,73,466,0
OO,5381,N937SW,STC,ORD,52,394,0
OO,4553,N820SK,BOI,LAX,90,674,0
OO,5186,N471CA,SFO,SAN,64,447,0
OO,5581,N755SK,MSP,LAX,217,1535,0
OO,6588,N885AS,BFL,PHX,71,425,0
UA,1534,N75432,TPA,ORD,144,1012,0
EV,5764,N832AS,ORD,IAD,77,589,0
HA,114,N493HA,HNL,OGG,20,100,0
B6,675,N294JB,JFK,MSY,194,1182,0
OO,5297,N908SW,MKE,ORD,21,67,0
UA,410,N403UA,MIA,ORD,174,1197,0
US,700,N675AW,SEA,PHL,263,2378,0
WN,1926,N7745A,SAT,ATL,103,874,0
WN,1119,N965WN,PDX,MDW,218,1751,0
US,474,N604AW,LAS,PHX,46,255,0
AA,129,N4WPAA,JAX,DFW,141,918,0
AA,1349,N4XJAA,MSY,DFW,,447,1
AA,1543,N486AA,PIT,DFW,162,1067,0
AA,2220,N586AA,COS,DFW,88,592,0
AS,240,N569AS,SEA,SAN,133,1050,0
AS,576,N323AS,PDX,SAN,117,933,0
AS,724,N612AS,SEA,SLC,93,689,0
B6,475,N599JB,PVD,MCO,155,1072,0
B6,1467,N216JB,HPN,PBI,146,1056,0
AA,1441,N3GYAA,JFK,LAS,342,2248,0
DL,2005,N990DL,MLB,ATL,65,442,0
DL,2290,N963DN,PIT,ATL,74,526,0
DL,1864,N360NW,SAN,MSP,190,1532,0
EV,5579,N136EV,ABE,ATL,110,692,0
MQ,3443,N635MQ,SPI,DFW,,630,1
OO,4758,N440SW,PLN,DTW,41,243,0
OO,3460,N219AG,PDX,ONT,105,838,0
UA,665,N401UA,RSW,EWR,144,1068,0
DL,1056,N922DX,SJC,MSP,214,1576,0
OO,4577,N455SW,CIU,DTW,45,284,0
US,1718,N939UW,MCO,CLT,71,468,0
US,1943,N508AY,BWI,CLT,67,361,0
US,1946,N915US,EWR,CLT,88,529,0
WN,795,N968WN,AUS,ATL,96,813,0
WN,692,N221WN,CAK,MCO,122,861,0
WN,1170,N902WN,FLL,LAS,303,2173,0
WN,653,N934WN,MKE,LAS,221,1524,0
WN,890,N717SA,PHX,MDW,160,1444,0
WN,832,N8616C,SJC,LAS,63,386,0
UA,1284,N11206,LAS,EWR,234,2227,0
UA,1748,N16703,,EWR,82,719,0
AA,1305,N456AA,,DFW,105,624,0
AA,1285,N576AA,,DFW,,224,1
AA,1562,,,DFW,188,1158,0
AS,548,,,SEA,26,93,0
AS,558,,,LAX,110,834,0
AS,560,,,PSP,124,987,0
AS,569,N471AS,,PDX,124,834,0
AS,662,N302AS,,DFW,211,1660,0
AS,709,N769AS,SLC,SJC,75,584,0
AA,2476,N3LEAA,BDL,MIA,164,1194,0
DL,1332,N540US,RSW,ATL,81,515,0
DL,2135,N990AT,TPA,LGA,128,1010,0
DL,2276,N909DE,MCO,LGA,125,950,0
DL,2566,N913DN,SFO,MSP,206,1589,0
EV,2506,N904EV,CRP,DFW,52,354,0
EV,2555,N830AS,SHV,DFW,42,190,0
EV,2561,N877AS,BTR,DFW,64,383,0
EV,2537,N902EV,MLU,DFW,52,293,0
MQ,2775,N613MQ,PIA,DFW,,672,1
MQ,2966,N855MQ,ROW,DFW,,435,1
MQ,3359,N905MQ,FWA,DFW,,859,1
MQ,3476,N653MQ,CHS,MIA,74,489,0
MQ,3589,N692MQ,GSO,MIA,99,710,0
NK,705,N588NK,LGA,FLL,147,1076,0
NK,567,N504NK,DTW,ATL,85,594,0
NK,417,N587NK,DTW,FLL,150,1127,0
OO,3456,N217AG,PDX,BUR,104,817,0
OO,5492,N703SK,MSN,ORD,28,108,0
OO,6495,N932EV,COS,LAX,115,833,0
OO,5291,N564SW,GCC,DEN,66,313,0
UA,536,N852UA,LAX,IAH,164,1379,0
UA,259,N427UA,SNA,IAH,156,1346,0
UA,792,N802UA,BUF,ORD,85,473,0
VX,922,N361VA,SFO,LAX,54,337,0
WN,3213,N8612K,DAL,MDW,95,793,0
WN,2599,N912WN,LIT,DAL,56,296,0
WN,2199,N400WN,MHT,MCO,171,1142,0
WN,3739,N780SW,ALB,MCO,153,1073,0
WN,1188,N783SW,SAT,BWI,153,1407,0
WN,4563,N642WN,OKC,ATL,,761,0
US,593,N163US,SNA,PHX,,338,0
AA,323,N520AA,DFW,STL,,550,1
AA,1107,N3ADAA,LGA,DFW,,1389,0
AA,1234,N3MCAA,LAS,ORD,,1514,0
AA,1283,N3CRAA,BNA,MIA,,806,0
AA,1287,N3BBAA,MSP,MIA,,1501,0
AA,1300,N3FRAA,SNA,DFW,,1205,0
AA,2326,N3KEAA,MIA,DCA,,919,0
B6,318,,JFK,BOS,,187,0
B6,1137,,BOS,DTW,112,632,0
DL,716,,OMA,ATL,,821,0
DL,765,,PIT,MSP,114,726,0
DL,801,,SNA,ATL,207,1919,0
DL,827,,FLL,ATL,81,581,0
DL,860,N324NB,SNA,MSP,188,1522,0
DL,886,N918DL,ATL,LGA,97,762,0
DL,1135,N309DE,BHM,ATL,30,134,0
DL,1324,N908DE,BNA,ATL,36,214,0
AA,1449,N3KDAA,FLL,DFW,,1119,1
DL,246,N391DA,SAN,JFK,264,2446,0
AA,2395,N469AA,BHM,DFW,103,597,0
EV,4438,N26141,HOB,IAH,,501,1
EV,6042,N21144,LNK,DEN,69,423,0
F9,110,N206FR,DEN,MSP,88,680,0
F9,782,N219FR,LAS,DEN,90,628,0
F9,268,N921FR,SNA,DEN,114,846,0
MQ,2965,N637MQ,SGF,,,364,1
MQ,3009,N651MQ,CMI,,117,693,0
MQ,3431,N820MQ,COU,,,489,1
NK,301,N626NK,BWI,,125,925,0
NK,725,N525NK,MCI,,108,643,0
OO,6262,N953SW,GTF,,87,624,0
OO,4811,N443SW,BNA,,45,230,0
OO,6502,N785SK,SNA,,63,372,0
OO,6523,N754SK,PHX,,61,370,0
OO,4974,N792SK,ATL,,121,689,0
OO,7385,N301YV,EKO,,55,200,0
B6,1208,N273JB,IAD,JFK,49,228,0
HA,338,N481HA,HNL,KOA,27,163,0
OO,6291,N706SK,FAT,SFO,28,158,0
DL,1212,N582NW,LAX,MSP,193,1535,0
UA,284,N832UA,PHX,SFO,89,651,0
US,1866,N626AW,PIT,CLT,68,366,0
US,2071,N553UW,MSP,CLT,111,930,0
WN,985,N8315C,BWI,MCO,115,787,0
WN,739,N927WN,MSY,ATL,60,425,0
WN,2964,N481WN,PHX,DAL,111,879,0
UA,1291,N33209,FLL,ORD,175,1182,0
US,408,N521UW,PHL,PHX,327,2075,0
AA,338,N3DJAA,LAX,SFO,55,337,0
AA,1371,N477AA,MEM,DFW,78,432,0
AA,1318,N5CDAA,BOS,DFW,256,1562,0
AA,1595,N553AA,AUS,DFW,33,190,0
AA,2226,N426AA,DFW,TPA,114,929,0
AA,2429,N4XPAA,CLE,DFW,159,1021,0
AA,2424,N3DLAA,LAX,DFW,146,1235,0
AS,321,N613AS,SJC,SEA,100,697,0
AS,582,N611AS,PDX,SNA,117,859,0
AS,629,N626AS,LAS,PDX,114,763,0
AS,805,N588AS,SEA,SMF,80,605,0
B6,148,N659JB,LGB,OAK,59,353,0
DL,476,N196DN,LAX,JFK,274,2475,0
DL,1085,N994AT,AVL,ATL,30,164,0
DL,2512,N937AT,HSV,ATL,30,151,0
EV,6175,N13124,BNA,ORD,73,409,0
MQ,3082,N918MQ,SAF,DFW,,551,1
MQ,2973,N628MQ,GRR,DFW,,931,1
MQ,3294,N509MQ,XNA,ORD,70,522,0
MQ,3268,N694MQ,SUX,ORD,61,436,0
MQ,3419,N939MQ,LFT,DFW,,351,1
NK,729,N629NK,ORD,TPA,127,1012,0
OO,5536,,PSP,IAH,147,1269,0
OO,5428,,HYS,DEN,53,298,0
UA,464,,BOS,EWR,45,200,0
HA,332,,HNL,ITO,33,216,0
AA,1101,,JFK,MIA,153,1089,0
NK,111,,DTW,LAS,262,1749,0
UA,1077,,EWR,MIA,152,1085,0
UA,1510,N37255,SAN,IAH,151,1303,0
UA,204,N810UA,DFW,IAH,43,224,0
US,773,N701UW,RIC,CLT,54,257,0
US,1960,N644AW,TPA,CLT,74,507,0
UA,670,N457UA,TPA,EWR,133,997,0
WN,707,N706SW,CAK,ATL,77,528,0
WN,537,N799SW,MCO,ATL,63,404,0
WN,897,N427WN,ABQ,DAL,81,580,0
WN,753,N443WN,PVD,FLL,169,1188,0
WN,969,N268WN,PHL,FLL,137,992,0
WN,4120,N247WN,PHL,LAS,321,2176,0
AA,299,N857AA,MIA,DEN,242,1709,0
AA,367,N494AA,TUL,DFW,,237,1
AA,222,N3JSAA,LAX,BOS,271,2611,0
AA,1104,N3LAAA,DFW,LGA,157,1389,0
AA,1373,N549AA,BWI,DFW,202,1217,0
AA,2401,N858AA,DFW,LAX,,1235,1
B6,16,N934JB,SFO,JFK,299,2586,0
DL,1071,N932DN,MKE,MSP,52,297,0
DL,2090,N698DL,PDX,MSP,174,1426,0
B6,2324,N206JB,,DCA,103,759,0
B6,2702,N571JB,,BUF,62,301,0
DL,1651,N954DN,,LAS,160,1299,0
DL,1818,N555NW,,MCO,59,404,0
EV,3924,N14960,,IAH,50,316,0
F9,907,N926FR,,RDU,59,373,0
MQ,3063,N511MQ,,ORD,,1236,1
MQ,3110,N688MQ,,ORD,87,510,0
MQ,3188,N507MQ,,ORD,119,1118,0
UA,821,N490UA,,SFO,328,2400,0
UA,312,N833UA,EWR,LAX,340,2454,0
US,823,N128UW,DCA,CLT,63,331,0
UA,1052,N69838,MCO,EWR,127,937,0
AA,1553,N3JNAA,DCA,MIA,129,919,0
B6,15,N944JB,JFK,SFO,350,2586,0
B6,453,N652JB,JFK,PBI,143,1028,0
DL,1547,N997DL,LGA,ATL,115,762,0
OO,6618,N506CA,PSP,PHX,41,261,0
OO,5366,N930EV,DVL,JMS,,83,1
UA,356,N432UA,ALB,ORD,,723,0
UA,392,N456UA,PDX,SFO,,550,0
UA,417,N429UA,EWR,TPA,,997,0
US,852,N715UW,JAX,CLT,,328,0
US,1722,N825AW,CLE,CLT,,430,0
US,1877,N826AW,CLT,MIA,,650,0
US,1961,N566UW,IAH,CLT,,912,0
US,1978,N827AW,IND,CLT,63,427,0
US,2064,N538UW,DFW,CLT,112,936,0
UA,463,N482UA,LGA,ORD,136,733,0
UA,514,N411UA,BOS,IAH,236,1597,0
UA,521,N854UA,BOS,ORD,154,867,0
UA,736,N522UA,SFO,EWR,286,2565,0
UA,795,N843UA,SNA,DEN,111,846,0
UA,1027,N38424,SFO,IAH,199,1635,0
VX,399,N852VA,JFK,LAX,360,2475,0
VX,897,N845VA,LAS,SFO,61,414,0
WN,473,N423WN,BUF,FLL,158,1165,0
WN,309,N657SW,BWI,HOU,198,1246,0
WN,369,N8312C,BWI,LAS,301,2106,0
WN,4635,N8305E,CLE,PHX,271,1737,0
WN,1019,N792SW,DCA,DAL,208,1184,0
WN,194,N939WN,ISP,FLL,159,1092,0
WN,2511,N7735A,MDW,DAL,129,793,0
WN,767,N497WN,MDW,TPA,132,997,0
WN,390,N283WN,MSP,MDW,58,349,0
WN,443,N628SW,PIT,MCO,114,834,0
WN,921,N962WN,SAT,BNA,94,822,0
WN,2373,N237WN,HOU,MCO,103,849,0
UA,1195,N57864,MCO,SFO,317,2446,0
UA,1697,N14107,EWR,DEN,250,1605,0
US,424,N161UW,ORD,PHX,212,1440,0
US,461,N540UW,ATL,CLT,38,226,0
US,568,N565UW,SLC,PHX,68,507,0
US,590,N758US,BOI,PHX,97,735,0
US,621,N185UW,DCA,PHX,306,1979,0
AA,9,N792AA,JFK,LAX,368,2475,0
AA,17,N019AA,ATL,MIA,82,594,0
AA,118,N788AA,LAX,JFK,268,2475,0
AA,68,N5EGAA,SFO,MIA,295,2585,0
AA,201,N3LJAA,BOS,LAX,390,2611,0
AA,204,N5DXAA,MIA,LAS,308,2174,0
AA,309,N4YDAA,DFW,BNA,74,631,0
AA,315,N3MAAA,LGA,ORD,136,733,0
AA,1242,N489AA,FAT,DFW,170,1313,0
AA,1247,N3CHAA,BOS,ORD,149,867,0
AA,1258,N491AA,LAS,DFW,136,1055,0
AA,1273,N023AA,MIA,IAH,155,964,0
AA,1354,N504AA,DFW,MCO,123,985,0
AA,1529,N5DHAA,MCO,LAX,306,2218,0
AA,1582,N5EYAA,MIA,BOS,167,1258,0
AA,1699,N425AA,TPA,DFW,150,929,0
AA,1507,N3KXAA,SEA,DFW,213,1660,0
AA,1513,N008AA,DFW,ATL,89,731,0
AA,1648,N571AA,TUS,DFW,,813,1
AA,2291,N859AA,DFW,MIA,,1121,1
AA,2451,N3HTAA,LGA,MIA,151,1096,0
AS,17,N419AS,EWR,SEA,356,2402,0
AS,39,N459AS,MSP,SEA,197,1399,0
AS,112,N527AS,ANC,SEA,179,1448,0
AS,311,N705AS,PSP,SFO,67,421,0
AS,313,N703AS,SFO,SEA,97,679,0
AS,405,N565AS,SJC,PDX,88,569,0
AS,415,N413AS,PDX,SEA,28,129,0
AS,445,N579AS,LAX,SEA,139,954,0
AS,466,N309AS,SEA,LAX,124,954,0
AS,519,N614AS,SNA,SEA,147,978,0
AS,531,N529AS,BUR,SEA,132,937,0
AS,615,N320AS,LAS,SEA,126,867,0
AS,663,N536AS,PHX,,142,1009,0
AS,722,N403AS,SLC,,82,590,0
AS,833,N566AS,PDX,,336,2603,0
AS,847,N558AS,SAN,,362,2541,0
AS,883,N531AS,OAK,,320,2457,0
B6,288,N806JB,LAX,,272,2611,0
B6,289,N373JB,BOS,,68,399,0
B6,619,N638JB,BOS,SAN,373,2588,0
B6,723,N804JB,DCA,MCO,111,759,0
B6,1109,N651JB,BOS,JAX,156,1010,0
B6,1121,N561JB,PDX,LGB,110,846,0
B6,1031,N339JB,BOS,HOU,255,1609,0
B6,1039,N296JB,BOS,AUS,269,1698,0
B6,2007,N594JB,PIT,FLL,131,994,0
DL,364,N547US,SEA,LAX,118,954,0
DL,400,N381DN,PDX,JFK,268,2454,0
DL,424,N194DN,JFK,LAX,356,2475,0
DL,822,N3743H,SEA,DTW,213,1927,0
DL,854,N667DN,SFO,DTW,247,2079,0
DL,872,N938DN,DCA,ATL,83,547,0
DL,1183,,ORF,ATL,88,516,0
DL,1280,,DAB,ATL,61,366,0
DL,1305,,PBI,ATL,77,545,0
DL,1440,,SLC,MSP,134,991,0
DL,1453,,SEA,MSP,162,1399,0
AA,1461,,DAY,DFW,135,861,0
DL,1971,,MSP,PHX,180,1276,0
DL,2017,N326US,LGA,PBI,147,1035,0
DL,2123,N913DE,RSW,LGA,138,1080,0
DL,2151,N329NW,MIA,LGA,145,1096,0
DL,2180,N938DL,CLE,ATL,80,554,0
DL,2351,N911DE,PBI,LGA,,1035,0
DL,2365,N399DA,JFK,SJU,,1598,0
DL,2539,N353NW,MKE,ATL,,669,0
B6,2784,N283JB,RDU,BOS,,612,0
DL,46,N704X,JFK,SFO,,2586,0
DL,1498,N958AT,FLL,LGA,,1076,0
DL,1506,N812DN,LAX,DTW,232,1979,0
DL,1795,N3757D,LAS,JFK,237,2248,0
DL,1894,N6704Z,MSP,MIA,175,1501,0
DL,1925,N534US,MSP,RSW,169,1416,0
AA,2393,N3APAA,JFK,MCO,141,944,0
EV,4513,N14950,,ORD,62,315,0
EV,4524,N14974,,IAH,52,201,0
EV,4871,N878AS,,ATL,83,551,0
EV,4987,N710EV,,LGA,40,254,0
EV,5423,N724EV,,MSP,42,220,0
EV,5755,N834AS,,ORD,157,849,0
F9,1061,N201FR,,PHX,232,1440,0
F9,1120,N208FR,,RSW,136,1025,0
F9,676,N908FR,,MCO,180,1546,0
F9,681,N928FR,MCO,DEN,227,1546,0
MQ,2841,N667MQ,DFW,DSM,80,624,0
MQ,2852,N625MQ,GRK,DFW,,134,1
MQ,2871,N645MQ,PNS,DFW,,604,1
MQ,3024,N611MQ,GJT,DFW,,773,1
MQ,3051,N802MQ,HPN,ORD,135,738,0
MQ,2991,N686MQ,BMI,DFW,,690,1
MQ,3362,N507MQ,DFW,MAF,,309,1
NK,231,N620NK,ATL,FLL,80,581,0
NK,259,N532NK,ACY,FLL,132,977,0
NK,183,N521NK,LBE,RSW,135,956,0
NK,193,N502NK,IAH,LAS,167,1222,0
NK,198,N621NK,FLL,MCO,32,177,0
NK,610,N608NK,FLL,BOS,169,1237,0
OO,6194,N758SK,ASE,DEN,27,125,0
OO,6272,N915SW,BUR,SFO,61,326,0
OO,3479,N218AG,SAN,SLC,93,626,0
HA,217,N485HA,KOA,HNL,31,163,0
OO,4623,N812SK,SEA,PDX,29,129,0
OO,5471,N576SW,RKS,DEN,,260,1
OO,5632,N566SW,SBA,SFO,74,262,0
OO,6225,N124SY,BOI,ORD,182,1437,0
OO,7382,N659BR,CPR,SLC,48,320,0
OO,5633,N479CA,COS,DEN,20,73,0
UA,296,N470UA,ORD,DEN,131,888,0
UA,656,N402UA,PHX,ORD,154,1440,0
UA,1441,N38417,MSY,IAH,59,305,0
UA,1764,N14228,CLE,RSW,136,1025,0
AA,130,N012AA,MIA,TPA,,204,1
EV,4221,N14570,BTR,IAH,63,253,0
EV,6159,N48901,BTV,ORD,138,763,0
NK,410,N630NK,FLL,BWI,130,925,0
OO,6382,N824AS,SFO,BOI,84,522,0
UA,761,N549UA,ORD,SFO,238,1846,0
VX,12,N842VA,SFO,JFK,299,2586,0
WN,2851,N217JC,BDL,FLL,164,1173,0
WN,1108,N625SW,BWI,FLL,132,925,0
WN,1432,N346SW,CMH,TPA,114,829,0
WN,1863,N253WN,DAL,BWI,131,1209,0
WN,665,N684WN,DAL,STL,,546,1
WN,323,N340LV,FLL,BWI,129,925,0
WN,2041,N8317M,MCO,LAS,285,2039,0
,,N8302F,MDW,MCO,123,990,0
,,N737JW,OAK,HOU,212,1642,0
,,N291WN,SAT,ELP,81,496,0
WN,,N905WN,TPA,BWI,111,842,0
WN,,N554WN,TUS,DEN,83,639,0
